,Source_ID,Source_Name,Source_URL
0,4085,0-5meters,https://coralnet.ucsd.edu/source/4085/
1,4220,07.13.23_Nuuuli,https://coralnet.ucsd.edu/source/4220/
2,2733,10m E R2,https://coralnet.ucsd.edu/source/2733/
3,2781,10m W B2,https://coralnet.ucsd.edu/source/2781/
4,2120,2002,https://coralnet.ucsd.edu/source/2120/
5,1940,2016,https://coralnet.ucsd.edu/source/1940/
6,1076,"2018 Group 2 (Becca, Mike, Errika)",https://coralnet.ucsd.edu/source/1076/
7,1073,"2018 Group 4 (Isaac, Kyle, Breno)",https://coralnet.ucsd.edu/source/1073/
8,2030,2020 Barbers Point,https://coralnet.ucsd.edu/source/2030/
9,2052,2020 XLC algae/coral cover,https://coralnet.ucsd.edu/source/2052/
10,3508,2021 - BNP Ofav Outplant Project,https://coralnet.ucsd.edu/source/3508/
11,3787,2023_TA_TEST,https://coralnet.ucsd.edu/source/3787/
12,3551,2Maldives_2Katie,https://coralnet.ucsd.edu/source/3551/
13,3839,319-MatthewTuckMaui2015,https://coralnet.ucsd.edu/source/3839/
14,3803,319_TZ_MW_EF,https://coralnet.ucsd.edu/source/3803/
15,3894,319_TZ_MW_EF_far,https://coralnet.ucsd.edu/source/3894/
16,1686,3Cs38,https://coralnet.ucsd.edu/source/1686/
17,3008,3seas41 TME Kaneohe Group 1,https://coralnet.ucsd.edu/source/3008/
18,1990,403 He'eia Restoration,https://coralnet.ucsd.edu/source/1990/
19,2682,403 Heʻeia Restoration '21,https://coralnet.ucsd.edu/source/2682/
20,4021,40mile_10m,https://coralnet.ucsd.edu/source/4021/
21,4022,40mile_15m,https://coralnet.ucsd.edu/source/4022/
22,4020,40mile_5m,https://coralnet.ucsd.edu/source/4020/
23,4084,5-10m,https://coralnet.ucsd.edu/source/4084/
24,2803,56PointsAlgae,https://coralnet.ucsd.edu/source/2803/
25,2747,5m E R1,https://coralnet.ucsd.edu/source/2747/
26,466,5 Mile Seasonal Study,https://coralnet.ucsd.edu/source/466/
27,2779,5m W B1,https://coralnet.ucsd.edu/source/2779/
28,2780,9001CB,https://coralnet.ucsd.edu/source/2780/
29,3719,Adjacent Project,https://coralnet.ucsd.edu/source/3719/
30,3299,AFCD trial,https://coralnet.ucsd.edu/source/3299/
31,3305,AFCD trial species,https://coralnet.ucsd.edu/source/3305/
32,4029,Ahmed Fizal,https://coralnet.ucsd.edu/source/4029/
33,1653,aimi cp,https://coralnet.ucsd.edu/source/1653/
34,290,AIMS LTMP,https://coralnet.ucsd.edu/source/290/
35,4161,Airport Pools Sedimentation,https://coralnet.ucsd.edu/source/4161/
36,4162,Airport Pools Sedimentation1,https://coralnet.ucsd.edu/source/4162/
37,3533,alcatrazes,https://coralnet.ucsd.edu/source/3533/
38,3530,Alcatrazes [Training IB-USP],https://coralnet.ucsd.edu/source/3530/
39,4198,Alcatrazes_verão_2023,https://coralnet.ucsd.edu/source/4198/
40,3836,"Alex, Victor, Emma - MPA",https://coralnet.ucsd.edu/source/3836/
41,3841,"Alex, Victor, Emma - non MPA",https://coralnet.ucsd.edu/source/3841/
42,2070,Algal composition in Michmoret,https://coralnet.ucsd.edu/source/2070/
43,2315,Algal composition Michmoret,https://coralnet.ucsd.edu/source/2315/
44,1368,Algal Distributions/Diversity KBay,https://coralnet.ucsd.edu/source/1368/
45,3492,Alice Pomettini,https://coralnet.ucsd.edu/source/3492/
46,3249,Altieri Biscayne Bay,https://coralnet.ucsd.edu/source/3249/
47,2246,Alveopora japonica,https://coralnet.ucsd.edu/source/2246/
48,3481,Anastasia Addicoat-White,https://coralnet.ucsd.edu/source/3481/
49,2278,Andreas,https://coralnet.ucsd.edu/source/2278/
50,2127,Andreas Muljadi,https://coralnet.ucsd.edu/source/2127/
51,3560,Andrej Fucak,https://coralnet.ucsd.edu/source/3560/
52,3843,Anguilla 25019_201311,https://coralnet.ucsd.edu/source/3843/
53,3493,Anita Casati,https://coralnet.ucsd.edu/source/3493/
54,1821,Annotation2,https://coralnet.ucsd.edu/source/1821/
55,1822,Annotation3,https://coralnet.ucsd.edu/source/1822/
56,3424,Ant,https://coralnet.ucsd.edu/source/3424/
57,3412,Antigua_weird,https://coralnet.ucsd.edu/source/3412/
58,2911,APN Project,https://coralnet.ucsd.edu/source/2911/
59,2820,Ardis_Ayla_Katie,https://coralnet.ucsd.edu/source/2820/
60,3461,ARMS São Paulo 2022,https://coralnet.ucsd.edu/source/3461/
61,3765,ArthurAug22,https://coralnet.ucsd.edu/source/3765/
62,2238,Ashqelon 10 m,https://coralnet.ucsd.edu/source/2238/
63,2720,"Aukane Reef, Torres Strait",https://coralnet.ucsd.edu/source/2720/
64,3792,AW_Biol319_B02,https://coralnet.ucsd.edu/source/3792/
65,3816,BarrierL1,https://coralnet.ucsd.edu/source/3816/
66,3818,BelizeBarrierL1,https://coralnet.ucsd.edu/source/3818/
67,1277,Ben Neal,https://coralnet.ucsd.edu/source/1277/
68,2614,Benthic foramifera associated with seagrass H. stipulacea,https://coralnet.ucsd.edu/source/2614/
69,2687,bevtest,https://coralnet.ucsd.edu/source/2687/
70,2955,BHP GSR Fiji,https://coralnet.ucsd.edu/source/2955/
71,4027,Bidong HW May 2023,https://coralnet.ucsd.edu/source/4027/
72,3204,BIO 373,https://coralnet.ucsd.edu/source/3204/
73,3383,BIO 403,https://coralnet.ucsd.edu/source/3383/
74,3396,BIO403 Green Group,https://coralnet.ucsd.edu/source/3396/
75,1440,Bioblits,https://coralnet.ucsd.edu/source/1440/
76,3949,Biofouling,https://coralnet.ucsd.edu/source/3949/
77,2731,BIOL2022 4,https://coralnet.ucsd.edu/source/2731/
78,2764,BIOL2024,https://coralnet.ucsd.edu/source/2764/
79,3831,BIOL_319_Beauchamp_Danger,https://coralnet.ucsd.edu/source/3831/
80,3076,BIOL 319_BELW,https://coralnet.ucsd.edu/source/3076/
81,3795,BIOL -319-MW-EF-TZ,https://coralnet.ucsd.edu/source/3795/
82,3793,BIOL 319-MW-EF-TZ,https://coralnet.ucsd.edu/source/3793/
83,3796,BIOL 319-MW-EF-TZ-,https://coralnet.ucsd.edu/source/3796/
84,3882,BIOL319_Vander,https://coralnet.ucsd.edu/source/3882/
85,3891,Biol319_Weston,https://coralnet.ucsd.edu/source/3891/
86,3004,BIOL 4950,https://coralnet.ucsd.edu/source/3004/
87,2678,BIOS Mosaics,https://coralnet.ucsd.edu/source/2678/
88,3692,Bira benthic survey,https://coralnet.ucsd.edu/source/3692/
89,4209,BlackSea_infralittoral,https://coralnet.ucsd.edu/source/4209/
90,3075,Bmoo,https://coralnet.ucsd.edu/source/3075/
91,3077,bmoo2,https://coralnet.ucsd.edu/source/3077/
92,3089,BM/SA_319,https://coralnet.ucsd.edu/source/3089/
93,2847,BOCASMELC,https://coralnet.ucsd.edu/source/2847/
94,2074,Bottoms of ARMS,https://coralnet.ucsd.edu/source/2074/
95,683,BREAM Recruit2,https://coralnet.ucsd.edu/source/683/
96,3489,Breanna Preston,https://coralnet.ucsd.edu/source/3489/
97,3173,Brooke_319_coral_maui,https://coralnet.ucsd.edu/source/3173/
98,2837,BunakenIsland_2021,https://coralnet.ucsd.edu/source/2837/
99,4178,Cabaraú_verão_2023,https://coralnet.ucsd.edu/source/4178/
100,1981,Cabritte_Point_3m_100818_Transect_1,https://coralnet.ucsd.edu/source/1981/
101,3085,Caitlin Mariano Caye Caulker,https://coralnet.ucsd.edu/source/3085/
102,3082,Caitlin Mariano Turneffe reef,https://coralnet.ucsd.edu/source/3082/
103,2544,"Calabash Bight Port Royal, Roatan",https://coralnet.ucsd.edu/source/2544/
104,665,Caleritas,https://coralnet.ucsd.edu/source/665/
105,3269,Camryn Dunekack,https://coralnet.ucsd.edu/source/3269/
106,2055,Cape Maeda2020,https://coralnet.ucsd.edu/source/2055/
107,2759,Cape Maeda2021,https://coralnet.ucsd.edu/source/2759/
108,3172,Capstone 2022,https://coralnet.ucsd.edu/source/3172/
109,3704,Capstone 2023,https://coralnet.ucsd.edu/source/3704/
110,3363,carib,https://coralnet.ucsd.edu/source/3363/
111,3552,carib_bbb5,https://coralnet.ucsd.edu/source/3552/
112,3465,Caribbean bitbybit 2,https://coralnet.ucsd.edu/source/3465/
113,3446,carib_bitbybit,https://coralnet.ucsd.edu/source/3446/
114,3444,carib_colpophyllia,https://coralnet.ucsd.edu/source/3444/
115,3443,carib_diploria,https://coralnet.ucsd.edu/source/3443/
116,3442,carib_montastrea,https://coralnet.ucsd.edu/source/3442/
117,3441,carib_orbicella,https://coralnet.ucsd.edu/source/3441/
118,3438,carib_porites,https://coralnet.ucsd.edu/source/3438/
119,3439,carib_siderastrea,https://coralnet.ucsd.edu/source/3439/
120,2455,Carolyn Hudson,https://coralnet.ucsd.edu/source/2455/
121,2453,Casidhe T Mahuka,https://coralnet.ucsd.edu/source/2453/
122,1718,Catalina Community Surveys,https://coralnet.ucsd.edu/source/1718/
123,57,Catlin.Seaview.Survey_Coral.Sea_south,https://coralnet.ucsd.edu/source/57/
124,3479,cb3,https://coralnet.ucsd.edu/source/3479/
125,3545,cb4,https://coralnet.ucsd.edu/source/3545/
126,3559,cb5,https://coralnet.ucsd.edu/source/3559/
127,3091,cen_solomon,https://coralnet.ucsd.edu/source/3091/
128,2821,Central Karimunjawa Park,https://coralnet.ucsd.edu/source/2821/
129,1991,"Chabahar Bay, Gulf of Oman",https://coralnet.ucsd.edu/source/1991/
130,3844,charlottehenderson,https://coralnet.ucsd.edu/source/3844/
131,4145,Chia Wei Chang,https://coralnet.ucsd.edu/source/4145/
132,2903,Chieh-Jhen Chen,https://coralnet.ucsd.edu/source/2903/
133,2825,Chinchorro,https://coralnet.ucsd.edu/source/2825/
134,1848,CleanAtlantic,https://coralnet.ucsd.edu/source/1848/
135,1514,C-Maiki,https://coralnet.ucsd.edu/source/1514/
136,3197,CN - Honduras (Training),https://coralnet.ucsd.edu/source/3197/
137,1353,Colby_Bermuda_19_TEST,https://coralnet.ucsd.edu/source/1353/
138,580,Colby Bermuda 2017,https://coralnet.ucsd.edu/source/580/
139,1357,Colby Bermuda 2019,https://coralnet.ucsd.edu/source/1357/
140,70,Colby_GrElCaCaMa,https://coralnet.ucsd.edu/source/70/
141,69,Colby JanPlan,https://coralnet.ucsd.edu/source/69/
142,3096,Colin Fichtner,https://coralnet.ucsd.edu/source/3096/
143,2671,com_comp_Kahe,https://coralnet.ucsd.edu/source/2671/
144,1695,Coral Coast Fiji,https://coralnet.ucsd.edu/source/1695/
145,3420,CoralNet,https://coralnet.ucsd.edu/source/3420/
146,2297,CoralNet_Assistance_Test_0921,https://coralnet.ucsd.edu/source/2297/
147,3060,CoralNet_training_2,https://coralnet.ucsd.edu/source/3060/
148,3061,CoralNet_training_3,https://coralnet.ucsd.edu/source/3061/
149,3295,Coral Reef analysis,https://coralnet.ucsd.edu/source/3295/
150,2971,Coral Reef Survey Imagery of James W. Porter in Jamaica 1976-1986,https://coralnet.ucsd.edu/source/2971/
151,1184,C.P,https://coralnet.ucsd.edu/source/1184/
152,3737,CPP_ROV,https://coralnet.ucsd.edu/source/3737/
153,4160,CRAG_AS,https://coralnet.ucsd.edu/source/4160/
154,1372,CREP- REA Calibration-NWHI,https://coralnet.ucsd.edu/source/1372/
155,372,CREP-REA HAWAII,https://coralnet.ucsd.edu/source/372/
156,1579,CREP-REA HAWAII_v2,https://coralnet.ucsd.edu/source/1579/
157,373,CREP-REA MARIANAS,https://coralnet.ucsd.edu/source/373/
158,1376,CREP-REA NWHI 2017 Tiny Photos,https://coralnet.ucsd.edu/source/1376/
159,295,CREP-REA SAMOA/PRIA,https://coralnet.ucsd.edu/source/295/
160,1097,CREP-REA SAMOA/PRIA Calibration,https://coralnet.ucsd.edu/source/1097/
161,1288,CREP-REA SAMOA/PRIA v2,https://coralnet.ucsd.edu/source/1288/
162,3054,Crescent Beach,https://coralnet.ucsd.edu/source/3054/
163,616,CtoC_DiveValidation,https://coralnet.ucsd.edu/source/616/
164,620,CtoC_SnorkelValidation,https://coralnet.ucsd.edu/source/620/
165,3414,curacao,https://coralnet.ucsd.edu/source/3414/
166,23,CVCE Bocas Del Toro Survey,https://coralnet.ucsd.edu/source/23/
167,3284,cvcvcv,https://coralnet.ucsd.edu/source/3284/
168,4229,CYCLE_ARMS,https://coralnet.ucsd.edu/source/4229/
169,1982,Cymodocea nodosa,https://coralnet.ucsd.edu/source/1982/
170,3084,Danger Island,https://coralnet.ucsd.edu/source/3084/
171,3111,Daniel Labbe,https://coralnet.ucsd.edu/source/3111/
172,1900,DarkCleanAtlantic,https://coralnet.ucsd.edu/source/1900/
173,3448,depper,https://coralnet.ucsd.edu/source/3448/
174,842,Derwent seagrasses,https://coralnet.ucsd.edu/source/842/
175,697,Dhandhoo marine,https://coralnet.ucsd.edu/source/697/
176,3768,Diadema surveys,https://coralnet.ucsd.edu/source/3768/
177,3785,DLAB tile assessment,https://coralnet.ucsd.edu/source/3785/
178,3722,DLAB Tile Assessment,https://coralnet.ucsd.edu/source/3722/
179,4017,Dominica Macouba Reef NtoS Plateau,https://coralnet.ucsd.edu/source/4017/
180,4016,Dominica Macouba Reef SW Knoll Deep Vertical,https://coralnet.ucsd.edu/source/4016/
181,4015,Dominica Macouba Reef SW Knoll Plateau,https://coralnet.ucsd.edu/source/4015/
182,3771,Dominica_SSMR,https://coralnet.ucsd.edu/source/3771/
183,2922,Drop Cam characterization,https://coralnet.ucsd.edu/source/2922/
184,3470,dumby,https://coralnet.ucsd.edu/source/3470/
185,1767,DUML,https://coralnet.ucsd.edu/source/1767/
186,4176,Ecocamp,https://coralnet.ucsd.edu/source/4176/
187,3797,EEC,https://coralnet.ucsd.edu/source/3797/
188,3862,EEC North,https://coralnet.ucsd.edu/source/3862/
189,2856,EF-G-FullMosaics,https://coralnet.ucsd.edu/source/2856/
190,3791,Elhe Black,https://coralnet.ucsd.edu/source/3791/
191,3833,Elise Hawaii 201511,https://coralnet.ucsd.edu/source/3833/
192,3863,Elise Hawaii 201606,https://coralnet.ucsd.edu/source/3863/
193,3550,Elizabeth Kroger,https://coralnet.ucsd.edu/source/3550/
194,3840,EmiAprAbyJulMikMol,https://coralnet.ucsd.edu/source/3840/
195,3171,Emily Dunn,https://coralnet.ucsd.edu/source/3171/
196,3409,Emily Esplandiu,https://coralnet.ucsd.edu/source/3409/
197,1274,Emily Renkey,https://coralnet.ucsd.edu/source/1274/
198,3906,EmiMikAprJulAbbNew,https://coralnet.ucsd.edu/source/3906/
199,3842,EMoellenhoff1,https://coralnet.ucsd.edu/source/3842/
200,3068,Endless Summer Anchor Damage Site,https://coralnet.ucsd.edu/source/3068/
201,1546,Ensenada lobster project,https://coralnet.ucsd.edu/source/1546/
202,3346,Entremarés Arraial do Cabo,https://coralnet.ucsd.edu/source/3346/
203,1432,ES244_2019,https://coralnet.ucsd.edu/source/1432/
204,428,ES244_ClassExercise,https://coralnet.ucsd.edu/source/428/
205,3336,ESD_MARIANA_2022_BIA_Calibration,https://coralnet.ucsd.edu/source/3336/
206,3371,ESD_REA_MARIANA_v2,https://coralnet.ucsd.edu/source/3371/
207,747,Espiritu Santo-Xcalak,https://coralnet.ucsd.edu/source/747/
208,3531,Estela,https://coralnet.ucsd.edu/source/3531/
209,3611,Evelyn's IA,https://coralnet.ucsd.edu/source/3611/
210,4115,EXAMPLE - MORE ANNOTATION,https://coralnet.ucsd.edu/source/4115/
211,1356,Extiles_Test,https://coralnet.ucsd.edu/source/1356/
212,3419,Faga'alu(8/9/22)_ReefFlat,https://coralnet.ucsd.edu/source/3419/
213,2170,Fairlight 2009 kelps,https://coralnet.ucsd.edu/source/2170/
214,2172,fairlight 2014,https://coralnet.ucsd.edu/source/2172/
215,3528,Fernanda,https://coralnet.ucsd.edu/source/3528/
216,1578,Fiji_Ovalua_GSR,https://coralnet.ucsd.edu/source/1578/
217,1519,Fish Cages,https://coralnet.ucsd.edu/source/1519/
218,3083,Fix_Lancaster project,https://coralnet.ucsd.edu/source/3083/
219,4235,FK_photo-mosaics,https://coralnet.ucsd.edu/source/4235/
220,299,"Fushivelavaru, Noonu atoll surveying",https://coralnet.ucsd.edu/source/299/
221,1835,Galapagos,https://coralnet.ucsd.edu/source/1835/
222,3078,getwrecked,https://coralnet.ucsd.edu/source/3078/
223,2371,GEV4320: Oceans in the Anthropocene,https://coralnet.ucsd.edu/source/2371/
224,2557,gfbgfn,https://coralnet.ucsd.edu/source/2557/
225,3220,Global Search,https://coralnet.ucsd.edu/source/3220/
226,2822,Glover's Reef,https://coralnet.ucsd.edu/source/2822/
227,3867,GMM_North_Bermuda,https://coralnet.ucsd.edu/source/3867/
228,3866,GMM_South_Bermuda,https://coralnet.ucsd.edu/source/3866/
229,3329,Goat Island S1T2,https://coralnet.ucsd.edu/source/3329/
230,2994,Green island,https://coralnet.ucsd.edu/source/2994/
231,648,"Group 4 (Taylor, Hannah, Tanner)",https://coralnet.ucsd.edu/source/648/
232,2236,GRT_Mada,https://coralnet.ucsd.edu/source/2236/
233,3653,Guam Habitat Mapping,https://coralnet.ucsd.edu/source/3653/
234,2835,Guam_NAVAC_DoD_21,https://coralnet.ucsd.edu/source/2835/
235,2765,G_Walls_StFX,https://coralnet.ucsd.edu/source/2765/
236,3871,HACP,https://coralnet.ucsd.edu/source/3871/
237,3099,Haley Ache,https://coralnet.ucsd.edu/source/3099/
238,3080,Halle and Serena,https://coralnet.ucsd.edu/source/3080/
239,1944,"Halophila in the North Beach, Eilat",https://coralnet.ucsd.edu/source/1944/
240,2886,Hamad New,https://coralnet.ucsd.edu/source/2886/
241,1598,Hamid Rezai,https://coralnet.ucsd.edu/source/1598/
242,2131,Hanan Shafeeg,https://coralnet.ucsd.edu/source/2131/
243,3966,hannah 02,https://coralnet.ucsd.edu/source/3966/
244,1986,Harry Rabin,https://coralnet.ucsd.edu/source/1986/
245,3308,Hastings reef,https://coralnet.ucsd.edu/source/3308/
246,3374,Hawaii_Kaapuna,https://coralnet.ucsd.edu/source/3374/
247,3377,Hawaii_Kawaihae,https://coralnet.ucsd.edu/source/3377/
248,3378,Hawaii_Laaloa,https://coralnet.ucsd.edu/source/3378/
249,3376,Hawaii_Laupahoehoe,https://coralnet.ucsd.edu/source/3376/
250,3373,Hawaii_Leleiwi,https://coralnet.ucsd.edu/source/3373/
251,3375,Hawaii_Nenue,https://coralnet.ucsd.edu/source/3375/
252,1745,Hbay,https://coralnet.ucsd.edu/source/1745/
253,3449,Heather Singleton,https://coralnet.ucsd.edu/source/3449/
254,3090,heck ya,https://coralnet.ucsd.edu/source/3090/
255,3100,heckya2,https://coralnet.ucsd.edu/source/3100/
256,2528,Henbadhoo,https://coralnet.ucsd.edu/source/2528/
257,1272,Henry Locke,https://coralnet.ucsd.edu/source/1272/
258,1773,Heron Island 2020,https://coralnet.ucsd.edu/source/1773/
259,2480,HIMB Coral Nursery,https://coralnet.ucsd.edu/source/2480/
260,4088,HI_QUEST,https://coralnet.ucsd.edu/source/4088/
261,3746,Hive corals,https://coralnet.ucsd.edu/source/3746/
262,450,HLO GSL,https://coralnet.ucsd.edu/source/450/
263,2001,Hoi Ha,https://coralnet.ucsd.edu/source/2001/
264,2222,Hormosira clearing experiment,https://coralnet.ucsd.edu/source/2222/
265,3688,Hospital Point,https://coralnet.ucsd.edu/source/3688/
266,3798,HR_AustralianCoastalReef,https://coralnet.ucsd.edu/source/3798/
267,3536,Ib,https://coralnet.ucsd.edu/source/3536/
268,2050,Ike Wai Marine Science,https://coralnet.ucsd.edu/source/2050/
269,3069,Images_23/02_P1,https://coralnet.ucsd.edu/source/3069/
270,3087,Images_23/02_P2,https://coralnet.ucsd.edu/source/3087/
271,1789,Indian River Lagoon,https://coralnet.ucsd.edu/source/1789/
272,3119,inshore1,https://coralnet.ucsd.edu/source/3119/
273,3121,Inshore BJ,https://coralnet.ucsd.edu/source/3121/
274,3928,Inshore Reef Transect,https://coralnet.ucsd.edu/source/3928/
275,1588,INSITU 2019,https://coralnet.ucsd.edu/source/1588/
276,3728,Invasive Species Galapagos,https://coralnet.ucsd.edu/source/3728/
277,2414,Invasive sponges,https://coralnet.ucsd.edu/source/2414/
278,3485,Ioanna,https://coralnet.ucsd.edu/source/3485/
279,3752,Irene,https://coralnet.ucsd.edu/source/3752/
280,3488,Irene Acquafredda,https://coralnet.ucsd.edu/source/3488/
281,2969,"Iriona, Colón",https://coralnet.ucsd.edu/source/2969/
282,3191,isabel,https://coralnet.ucsd.edu/source/3191/
283,3357,island wide,https://coralnet.ucsd.edu/source/3357/
284,307,Israel Monitoring program,https://coralnet.ucsd.edu/source/307/
285,2384,IvorKSA,https://coralnet.ucsd.edu/source/2384/
286,2823,Jade and Maddy,https://coralnet.ucsd.edu/source/2823/
287,3848,Jake.and.Elia,https://coralnet.ucsd.edu/source/3848/
288,3884,J_Biol319,https://coralnet.ucsd.edu/source/3884/
289,3079,Jenny_Kayla,https://coralnet.ucsd.edu/source/3079/
290,3883,Jess2_Biol319,https://coralnet.ucsd.edu/source/3883/
291,3859,Jess_319Lab,https://coralnet.ucsd.edu/source/3859/
292,3480,Jessica Tierney,https://coralnet.ucsd.edu/source/3480/
293,1669,Jess n Ricki,https://coralnet.ucsd.edu/source/1669/
294,3684,jonathan,https://coralnet.ucsd.edu/source/3684/
295,1270,Josiah Johnson,https://coralnet.ucsd.edu/source/1270/
296,3483,Julia Paul,https://coralnet.ucsd.edu/source/3483/
297,554,Kahekili,https://coralnet.ucsd.edu/source/554/
298,3362,KAHO_SfM_2022Analyses,https://coralnet.ucsd.edu/source/3362/
299,2672,KAHO_SfM_Sites,https://coralnet.ucsd.edu/source/2672/
300,3945,Kai_Hansen_Biol321_2023,https://coralnet.ucsd.edu/source/3945/
301,3735,Kai Kopecky (alternate),https://coralnet.ucsd.edu/source/3735/
302,3006,Kaneohe PQ Group A,https://coralnet.ucsd.edu/source/3006/
303,3565,kate_chris_example,https://coralnet.ucsd.edu/source/3565/
304,1271,Katherine King,https://coralnet.ucsd.edu/source/1271/
305,1276,Katie Senechal,https://coralnet.ucsd.edu/source/1276/
306,2855,Kauaʻi_Hanalei,https://coralnet.ucsd.edu/source/2855/
307,2871,Kauaʻi_Hoʻai,https://coralnet.ucsd.edu/source/2871/
308,2870,Kauaʻi_Limahuli,https://coralnet.ucsd.edu/source/2870/
309,2872,Kauaʻi_Miloliʻi,https://coralnet.ucsd.edu/source/2872/
310,2873,Kauaʻi_Nuʻalolo,https://coralnet.ucsd.edu/source/2873/
311,2857,Kauaʻi_Pilaʻa,https://coralnet.ucsd.edu/source/2857/
312,3095,Kaylee and Yasmine,https://coralnet.ucsd.edu/source/3095/
313,2836,K-BayCapstone,https://coralnet.ucsd.edu/source/2836/
314,2457,KDSC-Holmes,https://coralnet.ucsd.edu/source/2457/
315,3097,Keegan Thomas,https://coralnet.ucsd.edu/source/3097/
316,2088,Kelp,https://coralnet.ucsd.edu/source/2088/
317,3680,Kelp Forest Understory,https://coralnet.ucsd.edu/source/3680/
318,2221,Kelsey Carter,https://coralnet.ucsd.edu/source/2221/
319,1554,"Kinnet, Eilat",https://coralnet.ucsd.edu/source/1554/
320,172,Kiritimati_SIO138_class1,https://coralnet.ucsd.edu/source/172/
321,173,Kiritimati_SIO138_class2,https://coralnet.ucsd.edu/source/173/
322,174,Kiritimati_SIO138_class3,https://coralnet.ucsd.edu/source/174/
323,2324,Kir Nani Corals,https://coralnet.ucsd.edu/source/2324/
324,4232,klutest1,https://coralnet.ucsd.edu/source/4232/
325,3092,KnifeReef,https://coralnet.ucsd.edu/source/3092/
326,3588,Koloa Landing 2017 Permanent transects,https://coralnet.ucsd.edu/source/3588/
327,3589,Koloa Landing 2022-23 Random Transects,https://coralnet.ucsd.edu/source/3589/
328,2829,Koloa Landing 2022 Permanent Transects,https://coralnet.ucsd.edu/source/2829/
329,3018,Kona SGD,https://coralnet.ucsd.edu/source/3018/
330,3663,KP - HS - June 2022,https://coralnet.ucsd.edu/source/3663/
331,3135,KS_BIOL319_B02,https://coralnet.ucsd.edu/source/3135/
332,3088,KT_B319_coral_lab,https://coralnet.ucsd.edu/source/3088/
333,2286,Kulbul,https://coralnet.ucsd.edu/source/2286/
334,2456,Kuranda 1,https://coralnet.ucsd.edu/source/2456/
335,3093,Kyla_Shae_Isabelle,https://coralnet.ucsd.edu/source/3093/
336,3393,Laehala,https://coralnet.ucsd.edu/source/3393/
337,2263,La Perla,https://coralnet.ucsd.edu/source/2263/
338,2208,La Sagesse Channel Reef,https://coralnet.ucsd.edu/source/2208/
339,2162,Leah Harper,https://coralnet.ucsd.edu/source/2162/
340,2824,Lembeh_Strait,https://coralnet.ucsd.edu/source/2824/
341,3857,leodhaismac,https://coralnet.ucsd.edu/source/3857/
342,3349,LH CBC 2019-2022,https://coralnet.ucsd.edu/source/3349/
343,3930,Liam Tijou Reef 2012-2014-2016,https://coralnet.ucsd.edu/source/3930/
344,3804,Lindsay,https://coralnet.ucsd.edu/source/3804/
345,1545,Little Cayman,https://coralnet.ucsd.edu/source/1545/
346,4091,Little Cayman MarineGEO,https://coralnet.ucsd.edu/source/4091/
347,3984,Little Horseshoe 2,https://coralnet.ucsd.edu/source/3984/
348,1776,Lizard v. Heron 2019,https://coralnet.ucsd.edu/source/1776/
349,3931,Mack_Hawaii2015,https://coralnet.ucsd.edu/source/3931/
350,3837,Maddie S,https://coralnet.ucsd.edu/source/3837/
351,3137,Maddy Hawaii,https://coralnet.ucsd.edu/source/3137/
352,3705,Madeleine Ward,https://coralnet.ucsd.edu/source/3705/
353,3028,Mahukona,https://coralnet.ucsd.edu/source/3028/
354,1268,Mairead Farrell,https://coralnet.ucsd.edu/source/1268/
355,3490,Maison,https://coralnet.ucsd.edu/source/3490/
356,3499,mal100,https://coralnet.ucsd.edu/source/3499/
357,3583,malagain,https://coralnet.ucsd.edu/source/3583/
358,3456,Maldives 2.0,https://coralnet.ucsd.edu/source/3456/
359,2795,Maldives_2021,https://coralnet.ucsd.edu/source/2795/
360,3401,Maldives_2022,https://coralnet.ucsd.edu/source/3401/
361,3546,maldives_bbb4,https://coralnet.ucsd.edu/source/3546/
362,3555,maldives_bbb5,https://coralnet.ucsd.edu/source/3555/
363,3573,maldives_bbb6,https://coralnet.ucsd.edu/source/3573/
364,3466,Maldives_bitbybit,https://coralnet.ucsd.edu/source/3466/
365,3497,Maldives_bitbybit3,https://coralnet.ucsd.edu/source/3497/
366,3416,maldives_check2020,https://coralnet.ucsd.edu/source/3416/
367,3417,maldives_check2021,https://coralnet.ucsd.edu/source/3417/
368,3460,Maldives_Katie,https://coralnet.ucsd.edu/source/3460/
369,3421,maldives_theirs2,https://coralnet.ucsd.edu/source/3421/
370,3102,Maldives v BIOT,https://coralnet.ucsd.edu/source/3102/
371,3098,Maldives vs BIOT,https://coralnet.ucsd.edu/source/3098/
372,3273,Mansoor Jan,https://coralnet.ucsd.edu/source/3273/
373,3537,Mariana Acipreste,https://coralnet.ucsd.edu/source/3537/
374,376,MarineGEO Belize,https://coralnet.ucsd.edu/source/376/
375,793,MarineGEO Hong Kong,https://coralnet.ucsd.edu/source/793/
376,3263,Masonboro Inlet North Jetty,https://coralnet.ucsd.edu/source/3263/
377,3893,Matt Bakken BIOL 319,https://coralnet.ucsd.edu/source/3893/
378,2715,Maui_Honolua,https://coralnet.ucsd.edu/source/2715/
379,2860,Maui_Kahekili,https://coralnet.ucsd.edu/source/2860/
380,2864,Maui_Kanahena Bay,https://coralnet.ucsd.edu/source/2864/
381,2865,Maui_Kanahena Pt.,https://coralnet.ucsd.edu/source/2865/
382,2862,Maui_Maalaea,https://coralnet.ucsd.edu/source/2862/
383,2859,Maui_Mahinahina,https://coralnet.ucsd.edu/source/2859/
384,2863,Maui_Molokini,https://coralnet.ucsd.edu/source/2863/
385,2861,Maui_Olowalu,https://coralnet.ucsd.edu/source/2861/
386,2716,Maui_Papa'ula,https://coralnet.ucsd.edu/source/2716/
387,2874,Maui_Puamana,https://coralnet.ucsd.edu/source/2874/
388,1749,Maunalua Bay,https://coralnet.ucsd.edu/source/1749/
389,2200,Maunalua Bay Kelsey,https://coralnet.ucsd.edu/source/2200/
390,3341,Maunalua Bay Nearshore (official),https://coralnet.ucsd.edu/source/3341/
391,1895,MBON,https://coralnet.ucsd.edu/source/1895/
392,1972,MBON_AR_CO_EC,https://coralnet.ucsd.edu/source/1972/
393,2268,MBON_AR_CO_EC_US_Human,https://coralnet.ucsd.edu/source/2268/
394,2048,MBON_AR_CO_EC_US_Robot,https://coralnet.ucsd.edu/source/2048/
395,1988,MBON_Argentina,https://coralnet.ucsd.edu/source/1988/
396,1983,MBON_Colombia,https://coralnet.ucsd.edu/source/1983/
397,2897,MBON P2P (AMPs.ARG),https://coralnet.ucsd.edu/source/2897/
398,2562,MBON_Robot Training,https://coralnet.ucsd.edu/source/2562/
399,2565,MBON_Robot Training (Southamerica),https://coralnet.ucsd.edu/source/2565/
400,2064,MBON_USA,https://coralnet.ucsd.edu/source/2064/
401,3800,Meg&Friends1,https://coralnet.ucsd.edu/source/3800/
402,3801,Meg&Friends2,https://coralnet.ucsd.edu/source/3801/
403,3681,Melissa,https://coralnet.ucsd.edu/source/3681/
404,3300,Memba MB19,https://coralnet.ucsd.edu/source/3300/
405,2959,Merc project - Mapping,https://coralnet.ucsd.edu/source/2959/
406,3522,MERC project- shallow mapping,https://coralnet.ucsd.edu/source/3522/
407,2898,MERC project- TUR YAM,https://coralnet.ucsd.edu/source/2898/
408,3138,MGM,https://coralnet.ucsd.edu/source/3138/
409,2978,Micro,https://coralnet.ucsd.edu/source/2978/
410,3500,micro100,https://coralnet.ucsd.edu/source/3500/
411,3554,micro_bbb4,https://coralnet.ucsd.edu/source/3554/
412,3574,micro_bbb5,https://coralnet.ucsd.edu/source/3574/
413,3015,Micro_challenge,https://coralnet.ucsd.edu/source/3015/
414,3058,micro_combined,https://coralnet.ucsd.edu/source/3058/
415,3411,Micronesia_2022,https://coralnet.ucsd.edu/source/3411/
416,3467,Micronesia_bitbybit,https://coralnet.ucsd.edu/source/3467/
417,3478,Micronesia_bitbybit2,https://coralnet.ucsd.edu/source/3478/
418,3496,Micronesia_bitbybit3,https://coralnet.ucsd.edu/source/3496/
419,3576,micronesia_forchris,https://coralnet.ucsd.edu/source/3576/
420,4018,Middle FL Keys,https://coralnet.ucsd.edu/source/4018/
421,3838,MikJulAbyAprEmiTai,https://coralnet.ucsd.edu/source/3838/
422,2655,Milly Urchin Honours,https://coralnet.ucsd.edu/source/2655/
423,1162,milo,https://coralnet.ucsd.edu/source/1162/
424,1189,MILO,https://coralnet.ucsd.edu/source/1189/
425,3094,Mitchell&Broome,https://coralnet.ucsd.edu/source/3094/
426,4205,Mix seagrass meadow,https://coralnet.ucsd.edu/source/4205/
427,3498,MLC2008,https://coralnet.ucsd.edu/source/3498/
428,2701,MM Maunalua Bay,https://coralnet.ucsd.edu/source/2701/
429,2866,Molokai_Kamalo,https://coralnet.ucsd.edu/source/2866/
430,2868,Molokai_Kamiloloa,https://coralnet.ucsd.edu/source/2868/
431,2867,Molokai_Pala'au,https://coralnet.ucsd.edu/source/2867/
432,1264,Monica Colmenares,https://coralnet.ucsd.edu/source/1264/
433,4122,monitoring of seagrass in north  beach of gulf of Aqaba,https://coralnet.ucsd.edu/source/4122/
434,4028,monitoring of seagrass in south beach of gulf of Aqaba,https://coralnet.ucsd.edu/source/4028/
435,258,Monitoring Program,https://coralnet.ucsd.edu/source/258/
436,3413,montserrat,https://coralnet.ucsd.edu/source/3413/
437,2092,Moore Reef Slope,https://coralnet.ucsd.edu/source/2092/
438,3205,Moresby Island,https://coralnet.ucsd.edu/source/3205/
439,3207,Moreton Bay Genera,https://coralnet.ucsd.edu/source/3207/
440,3298,Moreton Bay Transects,https://coralnet.ucsd.edu/source/3298/
441,3418,MUREP_kelp,https://coralnet.ucsd.edu/source/3418/
442,3774,Muzdhan ali,https://coralnet.ucsd.edu/source/3774/
443,3907,Nadir,https://coralnet.ucsd.edu/source/3907/
444,3911,Nadir_1,https://coralnet.ucsd.edu/source/3911/
445,1768,Napantao MPA,https://coralnet.ucsd.edu/source/1768/
446,2130,nash,https://coralnet.ucsd.edu/source/2130/
447,3806,Natasha & Lindsay,https://coralnet.ucsd.edu/source/3806/
448,2159,Natural_vs_artificial,https://coralnet.ucsd.edu/source/2159/
449,1580,N. Caribbean ACA,https://coralnet.ucsd.edu/source/1580/
450,1634,Nell Kerndt,https://coralnet.ucsd.edu/source/1634/
451,3572,Nelson Barcelos Pereira,https://coralnet.ucsd.edu/source/3572/
452,2728,Neptune's necklace bacterial colony plates,https://coralnet.ucsd.edu/source/2728/
453,2667,Neushul Redux,https://coralnet.ucsd.edu/source/2667/
454,2960,New monitoring Neptun,https://coralnet.ucsd.edu/source/2960/
455,2970,NFWF,https://coralnet.ucsd.edu/source/2970/
456,2379,NMMBA Coral,https://coralnet.ucsd.edu/source/2379/
457,3799,NN_AustralianOpenOceanReef,https://coralnet.ucsd.edu/source/3799/
458,800,NOAA ESD CAU,https://coralnet.ucsd.edu/source/800/
459,2947,NOAA ESD Coral Bleaching Classifier,https://coralnet.ucsd.edu/source/2947/
460,3494,Nora,https://coralnet.ucsd.edu/source/3494/
461,3484,Nora Brauer,https://coralnet.ucsd.edu/source/3484/
462,3182,Norfolk Benthic Cover Longterm Monitoring 2020 to July 2023,https://coralnet.ucsd.edu/source/3182/
463,1826,Norfolk Island,https://coralnet.ucsd.edu/source/1826/
464,2800,Norfolk _Island_2021_v2,https://coralnet.ucsd.edu/source/2800/
465,3865,North Lembeh Corals - Amanda,https://coralnet.ucsd.edu/source/3865/
466,2464,North Sesoko S4 Encrusting Montipora Percent Cover,https://coralnet.ucsd.edu/source/2464/
467,3519,North Shore Disease Surveys,https://coralnet.ucsd.edu/source/3519/
468,2337,NSW-MEMS-Eden-1,https://coralnet.ucsd.edu/source/2337/
469,2858,NTL_SeaGrass,https://coralnet.ucsd.edu/source/2858/
470,3379,NTOU SSlab MO investigate,https://coralnet.ucsd.edu/source/3379/
471,2374,Nutrient in the seagrass,https://coralnet.ucsd.edu/source/2374/
472,3276,Offshore21,https://coralnet.ucsd.edu/source/3276/
473,3213,Offshore3,https://coralnet.ucsd.edu/source/3213/
474,3257,Offshore 4,https://coralnet.ucsd.edu/source/3257/
475,3133,offshore activity,https://coralnet.ucsd.edu/source/3133/
476,3122,Offshore BJ,https://coralnet.ucsd.edu/source/3122/
477,2498,Offshore-Hailey McKim,https://coralnet.ucsd.edu/source/2498/
478,3929,Offshore Reef Transect,https://coralnet.ucsd.edu/source/3929/
479,3956,Offshore Rig,https://coralnet.ucsd.edu/source/3956/
480,2152,OIMB A Random,https://coralnet.ucsd.edu/source/2152/
481,2153,OIMB A Stratified,https://coralnet.ucsd.edu/source/2153/
482,2044,OIMB Simple Random Consistency,https://coralnet.ucsd.edu/source/2044/
483,2043,OIMB_Stratified_Random,https://coralnet.ucsd.edu/source/2043/
484,843,Okinawa Coral Reef Conservation2017-18,https://coralnet.ucsd.edu/source/843/
485,1645,Okinawa Coral Reef Conservation2019-20,https://coralnet.ucsd.edu/source/1645/
486,2770,Okinawa Coral Reef Conservation2021,https://coralnet.ucsd.edu/source/2770/
487,3948,Oman ARMS 2023,https://coralnet.ucsd.edu/source/3948/
488,4219,Oneosopo_7.12.2023,https://coralnet.ucsd.edu/source/4219/
489,3807,One Tree Island Geomorphology,https://coralnet.ucsd.edu/source/3807/
490,2707,Original 10m E R2,https://coralnet.ucsd.edu/source/2707/
491,3985,OTI Group 4,https://coralnet.ucsd.edu/source/3985/
492,2995,Outer reef,https://coralnet.ucsd.edu/source/2995/
493,3351,Padangbai area,https://coralnet.ucsd.edu/source/3351/
494,2762,Paleocanal,https://coralnet.ucsd.edu/source/2762/
495,3922,Pangatalan SRP,https://coralnet.ucsd.edu/source/3922/
496,4222,Parrotfish07\13\2023,https://coralnet.ucsd.edu/source/4222/
497,3440,PELD-Iloc - Noronha,https://coralnet.ucsd.edu/source/3440/
498,2454,Pelorus2021,https://coralnet.ucsd.edu/source/2454/
499,3606,Penida benthic surveys,https://coralnet.ucsd.edu/source/3606/
500,503,Perhentian BHAB assemblages relation to coral reef community,https://coralnet.ucsd.edu/source/503/
501,2782,Perpen 40 degrees,https://coralnet.ucsd.edu/source/2782/
502,1532,PG1,https://coralnet.ucsd.edu/source/1532/
503,3749,"Phuket, Thailand",https://coralnet.ucsd.edu/source/3749/
504,3487,Pia Maurer,https://coralnet.ucsd.edu/source/3487/
505,3491,Pia Maurer 2,https://coralnet.ucsd.edu/source/3491/
506,2751,Pioneer Bay Benthos cover,https://coralnet.ucsd.edu/source/2751/
507,2757,Pixie Reef 2021,https://coralnet.ucsd.edu/source/2757/
508,2211,PlayaKalki_10m,https://coralnet.ucsd.edu/source/2211/
509,2194,PlayaKalki_20m,https://coralnet.ucsd.edu/source/2194/
510,1360,PMNM Benthic LTM,https://coralnet.ucsd.edu/source/1360/
511,2274,PMNM Circrat- Mortality,https://coralnet.ucsd.edu/source/2274/
512,2258,PMNM Circrat- Recruitment,https://coralnet.ucsd.edu/source/2258/
513,3425,Pohnpei,https://coralnet.ucsd.edu/source/3425/
514,2138,Port Hawkesbury Deployment 1.0,https://coralnet.ucsd.edu/source/2138/
515,4121,Practice AM,https://coralnet.ucsd.edu/source/4121/
516,2083,Projeto Costão Rochoso subtidal,https://coralnet.ucsd.edu/source/2083/
517,2239,PSEPA2020,https://coralnet.ucsd.edu/source/2239/
518,2938,Puako,https://coralnet.ucsd.edu/source/2938/
519,3327,Puerto Rico,https://coralnet.ucsd.edu/source/3327/
520,1655,Pulau Bidong (PPC deep),https://coralnet.ucsd.edu/source/1655/
521,1987,Pulau Pari,https://coralnet.ucsd.edu/source/1987/
522,350,"Punta Cana Reef, Dominican Republic",https://coralnet.ucsd.edu/source/350/
523,3241,PUR PROJET PERJARAKAN,https://coralnet.ucsd.edu/source/3241/
524,3271,QUEST 2022 Coral ID,https://coralnet.ucsd.edu/source/3271/
525,3777,Raja benthic survey,https://coralnet.ucsd.edu/source/3777/
526,1301,Ray_Auto anotation test,https://coralnet.ucsd.edu/source/1301/
527,2895,RD practice - 9x9,https://coralnet.ucsd.edu/source/2895/
528,3773,Recifes Esquecidos,https://coralnet.ucsd.edu/source/3773/
529,4204,REcifes_Esquecidos2,https://coralnet.ucsd.edu/source/4204/
530,3354,REEFolution Kenya,https://coralnet.ucsd.edu/source/3354/
531,2091,Reef_research_Okinawa,https://coralnet.ucsd.edu/source/2091/
532,2124,Reef_research_Okinawa1,https://coralnet.ucsd.edu/source/2124/
533,2125,Reef_research_Okinawa2,https://coralnet.ucsd.edu/source/2125/
534,1304,Reef restoration SBR,https://coralnet.ucsd.edu/source/1304/
535,4188,Reefs of South African MPAs,https://coralnet.ucsd.edu/source/4188/
536,4043,ReefVitalize Barbados,https://coralnet.ucsd.edu/source/4043/
537,1294,Restoration Seaflower,https://coralnet.ucsd.edu/source/1294/
538,1308,Richardson's,https://coralnet.ucsd.edu/source/1308/
539,2294,Rincon,https://coralnet.ucsd.edu/source/2294/
540,3468,Rindah and Jason,https://coralnet.ucsd.edu/source/3468/
541,1933,"Rocky Reef Biodiversity Survey: Punta Pardelas, Argentina",https://coralnet.ucsd.edu/source/1933/
542,3032,Rocky Shore Costa Rica,https://coralnet.ucsd.edu/source/3032/
543,3368,Royal Charlotte,https://coralnet.ucsd.edu/source/3368/
544,3140,Russell Laman,https://coralnet.ucsd.edu/source/3140/
545,3103,Ryan L,https://coralnet.ucsd.edu/source/3103/
546,1212,Ryjon W,https://coralnet.ucsd.edu/source/1212/
547,2808,Saipan ML Test 2,https://coralnet.ucsd.edu/source/2808/
548,3794,Samantha biol 319,https://coralnet.ucsd.edu/source/3794/
549,3569,Samoa_2022-09,https://coralnet.ucsd.edu/source/3569/
550,3989,Sanibel Island Oyster Gardens,https://coralnet.ucsd.edu/source/3989/
551,3520,San Salvador,https://coralnet.ucsd.edu/source/3520/
552,3081,Sarah_Chloe_Bonaire,https://coralnet.ucsd.edu/source/3081/
553,1273,Sara Pipneros,https://coralnet.ucsd.edu/source/1273/
554,2616,Saudi Red Sea Seasonal Differences: Offshore-Midshelf sheltered crest,https://coralnet.ucsd.edu/source/2616/
555,2615,Saudi Red Sea Seasonal Differences: Offshore-Midshelf sheltered slope,https://coralnet.ucsd.edu/source/2615/
556,3689,Seagal,https://coralnet.ucsd.edu/source/3689/
557,4124,Seagrass cours,https://coralnet.ucsd.edu/source/4124/
558,2282,SEAMOBB-3_France,https://coralnet.ucsd.edu/source/2282/
559,4049,Secrets 05/10/2023,https://coralnet.ucsd.edu/source/4049/
560,4050,Secrets 05/10/2023 (2),https://coralnet.ucsd.edu/source/4050/
561,4191,Secrets 06/28/2023,https://coralnet.ucsd.edu/source/4191/
562,4206,Secrets 2 (07/03/2023),https://coralnet.ucsd.edu/source/4206/
563,4063,Secrets 5/12/23,https://coralnet.ucsd.edu/source/4063/
564,2990,Section 1a,https://coralnet.ucsd.edu/source/2990/
565,2991,Section_2b_WedPM,https://coralnet.ucsd.edu/source/2991/
566,2084,Self Test,https://coralnet.ucsd.edu/source/2084/
567,1300,Senechal_Hawaii,https://coralnet.ucsd.edu/source/1300/
568,4223,Sesoko-spring,https://coralnet.ucsd.edu/source/4223/
569,3074,Setup demo source,https://coralnet.ucsd.edu/source/3074/
570,1725,SFS Mangrove DR,https://coralnet.ucsd.edu/source/1725/
571,1642,SFS TIBS,https://coralnet.ucsd.edu/source/1642/
572,1781,SFS TIBS 2020,https://coralnet.ucsd.edu/source/1781/
573,2882,Shahar Rabinovitz Seagrass,https://coralnet.ucsd.edu/source/2882/
574,3776,Shannon Eckhardt,https://coralnet.ucsd.edu/source/3776/
575,2806,Shawn Depper,https://coralnet.ucsd.edu/source/2806/
576,3101,Shaye,https://coralnet.ucsd.edu/source/3101/
577,950,shaytamir,https://coralnet.ucsd.edu/source/950/
578,1832,Shrimply the Best Reef 34,https://coralnet.ucsd.edu/source/1832/
579,1831,Shrimply The Best Reef #34,https://coralnet.ucsd.edu/source/1831/
580,2511,Sigit Marine,https://coralnet.ucsd.edu/source/2511/
581,1783,Sint Eustatius,https://coralnet.ucsd.edu/source/1783/
582,3406,Site Characterization,https://coralnet.ucsd.edu/source/3406/
583,958,Sitti Masita,https://coralnet.ucsd.edu/source/958/
584,3962,Skyway Beach West,https://coralnet.ucsd.edu/source/3962/
585,2190,Snakebay10m,https://coralnet.ucsd.edu/source/2190/
586,2180,Snakebay20m,https://coralnet.ucsd.edu/source/2180/
587,2311,Solitaries Jan 2021,https://coralnet.ucsd.edu/source/2311/
588,1771,Solitary Islands - test BIO30001,https://coralnet.ucsd.edu/source/1771/
589,1810,Solomon Islands,https://coralnet.ucsd.edu/source/1810/
590,3805,Sophia and Chloe,https://coralnet.ucsd.edu/source/3805/
591,3895,Sophia and Chloe 2,https://coralnet.ucsd.edu/source/3895/
592,1265,Soren Denlinger,https://coralnet.ucsd.edu/source/1265/
593,3177,Source for Coral Reef Report - Hawai'i,https://coralnet.ucsd.edu/source/3177/
594,2830,Southeast + North Bermuda,https://coralnet.ucsd.edu/source/2830/
595,1713,Southern Arabian Gulf Biodiversity Assessment 2019,https://coralnet.ucsd.edu/source/1713/
596,3064,Southern Line Islands,https://coralnet.ucsd.edu/source/3064/
597,3896,South Lembeh Corals - Amanda,https://coralnet.ucsd.edu/source/3896/
598,3086,South_Opal_2012,https://coralnet.ucsd.edu/source/3086/
599,3933,spr_lanai,https://coralnet.ucsd.edu/source/3933/
600,3934,spr_solomon,https://coralnet.ucsd.edu/source/3934/
601,82,Stanford@Sea_2013,https://coralnet.ucsd.edu/source/82/
602,1556,STARR 2019 - Marc,https://coralnet.ucsd.edu/source/1556/
603,2262,Statia Benthic Surveys,https://coralnet.ucsd.edu/source/2262/
604,3472,Statia_Coralreef_2022,https://coralnet.ucsd.edu/source/3472/
605,3120,StCrispins_Reef_2012_Transect14011,https://coralnet.ucsd.edu/source/3120/
606,4193,Step-UP Project 2023,https://coralnet.ucsd.edu/source/4193/
607,3932,STINAPA GCRMN,https://coralnet.ucsd.edu/source/3932/
608,3912,STINAPA STENECK,https://coralnet.ucsd.edu/source/3912/
609,546,St. John 2016,https://coralnet.ucsd.edu/source/546/
610,2673,St. John Ramicrusta Surveys,https://coralnet.ucsd.edu/source/2673/
611,3686,STRI Point,https://coralnet.ucsd.edu/source/3686/
612,3978,Substrate (Secrets),https://coralnet.ucsd.edu/source/3978/
613,3656,SUSMB 2021-2022 Benthic Photogrammetry,https://coralnet.ucsd.edu/source/3656/
614,3482,Tbay,https://coralnet.ucsd.edu/source/3482/
615,3475,T bay,https://coralnet.ucsd.edu/source/3475/
616,4104,TEAM_1_QUEST_PROJECT_2023,https://coralnet.ucsd.edu/source/4104/
617,1998,Tektite_Crack_3m_150818_Transect_1,https://coralnet.ucsd.edu/source/1998/
618,2729,TEM,https://coralnet.ucsd.edu/source/2729/
619,2799,TEST,https://coralnet.ucsd.edu/source/2799/
620,2956,test 1,https://coralnet.ucsd.edu/source/2956/
621,2472,test2,https://coralnet.ucsd.edu/source/2472/
622,2817,Test 2,https://coralnet.ucsd.edu/source/2817/
623,3072,test 2022,https://coralnet.ucsd.edu/source/3072/
624,2819,test 3,https://coralnet.ucsd.edu/source/2819/
625,2818,Test 5,https://coralnet.ucsd.edu/source/2818/
626,2798,test_archipelago.set_marker.determination,https://coralnet.ucsd.edu/source/2798/
627,3637,Test Bronx River 2019,https://coralnet.ucsd.edu/source/3637/
628,3666,[teste 200] esqsul2_092022,https://coralnet.ucsd.edu/source/3666/
629,2914,[teste] PAB3 - ortomosaico,https://coralnet.ucsd.edu/source/2914/
630,3237,test_ingrid,https://coralnet.ucsd.edu/source/3237/
631,3350,TEST Louise,https://coralnet.ucsd.edu/source/3350/
632,2307,Therese_East,https://coralnet.ucsd.edu/source/2307/
633,1724,TIBS Directed Research Mangroves,https://coralnet.ucsd.edu/source/1724/
634,1358,Tiles_Bermuda2019,https://coralnet.ucsd.edu/source/1358/
635,3013,TME Kaneohe ASFP,https://coralnet.ucsd.edu/source/3013/
636,3007,TME Kaneohe Group 1,https://coralnet.ucsd.edu/source/3007/
637,3010,TME Kaneohe Group 2,https://coralnet.ucsd.edu/source/3010/
638,3011,TME Kaneohe Group 4,https://coralnet.ucsd.edu/source/3011/
639,3012,TME Kaneohe Group 6,https://coralnet.ucsd.edu/source/3012/
640,3180,TobegoCays,https://coralnet.ucsd.edu/source/3180/
641,1388,Tonga,https://coralnet.ucsd.edu/source/1388/
642,3567,Tonga_2022-08 & Samoa_2022-09 & Samoa_2019-12 & Samoa_2017-12,https://coralnet.ucsd.edu/source/3567/
643,3634,Training.net,https://coralnet.ucsd.edu/source/3634/
644,3685,training set 2,https://coralnet.ucsd.edu/source/3685/
645,4159,Training Set 3,https://coralnet.ucsd.edu/source/4159/
646,3410,Transnational Red Sea Center,https://coralnet.ucsd.edu/source/3410/
647,3535,Treinamento de imagem,https://coralnet.ucsd.edu/source/3535/
648,3534,Treinamento IB USP,https://coralnet.ucsd.edu/source/3534/
649,2977,TRSP_SFM,https://coralnet.ucsd.edu/source/2977/
650,2336,TSPS,https://coralnet.ucsd.edu/source/2336/
651,3505,TS-Sub-2,https://coralnet.ucsd.edu/source/3505/
652,3386,Tuamotus,https://coralnet.ucsd.edu/source/3386/
653,1970,Tubastraea_DEMO,https://coralnet.ucsd.edu/source/1970/
654,3975,TUMCA Ecological Survey,https://coralnet.ucsd.edu/source/3975/
655,3996,Turtle Canyon 4,https://coralnet.ucsd.edu/source/3996/
656,4200,UAH_MA_Baseline,https://coralnet.ucsd.edu/source/4200/
657,3365,Union Island,https://coralnet.ucsd.edu/source/3365/
658,3706,Urchin Barren,https://coralnet.ucsd.edu/source/3706/
659,2121,User Bias 2nd round,https://coralnet.ucsd.edu/source/2121/
660,2123,User Consistency 2nd,https://coralnet.ucsd.edu/source/2123/
661,2122,User Consistency 2nd round,https://coralnet.ucsd.edu/source/2122/
662,155,USSGuardianWreck,https://coralnet.ucsd.edu/source/155/
663,4175,Utila (Regional Corals),https://coralnet.ucsd.edu/source/4175/
664,3402,Valentina Rocha,https://coralnet.ucsd.edu/source/3402/
665,4167,Valerio Micaroni,https://coralnet.ucsd.edu/source/4167/
666,3063,Vamizi,https://coralnet.ucsd.edu/source/3063/
667,841,Vavau,https://coralnet.ucsd.edu/source/841/
668,3486,Venla Kuivala,https://coralnet.ucsd.edu/source/3486/
669,3290,VictoriaHeatdome,https://coralnet.ucsd.edu/source/3290/
670,3835,Victor MPA,https://coralnet.ucsd.edu/source/3835/
671,3834,Victor Non-Protected,https://coralnet.ucsd.edu/source/3834/
672,1989,Villingili,https://coralnet.ucsd.edu/source/1989/
673,1622,Waikiki MLCD/FMA/NMA,https://coralnet.ucsd.edu/source/1622/
674,3307,Waimushan Coral,https://coralnet.ucsd.edu/source/3307/
675,3361,WAPA Coral Inventory 2.0,https://coralnet.ucsd.edu/source/3361/
676,4007,WAPA CoralNet Training,https://coralnet.ucsd.edu/source/4007/
677,2744,WAPA Interns,https://coralnet.ucsd.edu/source/2744/
678,3577,WAPA RFI,https://coralnet.ucsd.edu/source/3577/
679,2112,WAPA RFM,https://coralnet.ucsd.edu/source/2112/
680,2438,Watamu Reef slope images,https://coralnet.ucsd.edu/source/2438/
681,921,Water Outlet,https://coralnet.ucsd.edu/source/921/
682,2674,wdjknekwf,https://coralnet.ucsd.edu/source/2674/
683,3342,West_Hawaii_eDNA_2022,https://coralnet.ucsd.edu/source/3342/
684,4009,WH_FAHU_Benthic,https://coralnet.ucsd.edu/source/4009/
685,1577,Wide Open Projects - Raja Ampat,https://coralnet.ucsd.edu/source/1577/
686,1269,Willow Grinnell,https://coralnet.ucsd.edu/source/1269/
687,3415,Windward,https://coralnet.ucsd.edu/source/3415/
688,3988,Wishbone 2,https://coralnet.ucsd.edu/source/3988/
689,3046,WorkshopTest,https://coralnet.ucsd.edu/source/3046/
690,3156,World Harbour Project,https://coralnet.ucsd.edu/source/3156/
691,109,WSU West Hawaii,https://coralnet.ucsd.edu/source/109/
692,3178,x,https://coralnet.ucsd.edu/source/3178/
693,2694,Yahel,https://coralnet.ucsd.edu/source/2694/
694,3627,yiyi jiang,https://coralnet.ucsd.edu/source/3627/
695,1266,Zoe Dickerson,https://coralnet.ucsd.edu/source/1266/
696,3366,ZONE 3 new,https://coralnet.ucsd.edu/source/3366/
697,2416,小琉球珊瑚隨手拍,https://coralnet.ucsd.edu/source/2416/
